	
Total	Dimer	Monomer	VDWDimer	VDWMonomer	VDWDiff	HBONDDimer	HBONDMonomer	HBONDDiff	IMM1Monomer	IMM1Dimer	IMM1Diff	Baseline	Baseline-Monomer	MonomerSasa	DimerSasa	InterfaceSasa	SequenceProbability	SequenceNumber	Starting Sequence	Baseline	Sequence	InterfaceSeq	xShift	crossingAngle	axialRotation	zShift	angleDistDensity	axialRotationDensity	zShiftDensity	repackLevels	interfaceLevels	backboneLength	PDBPath
Sequence Info: -337.03	-337.03	0	-44.2019	0	-44.2019	-57.4675	0	-57.4675	0	-235.36	-235.36	370.367	370.367	0	3816.31	-3816.31	2.40713e-06	0	LLLAGLYLLLGILIILLLILI	LLLAGLYLLLGILIILLLILI	L--AG-YL--GI-II--L--I	9.2	25	40	4	0	0	0	4	2	21	/data02/gloiseau/Sequence_Design_Project/vdwSequenceDesign/sequenceDesign/12_06_2021/design_1/LLLAGLYLLLGILIILLLILI/LLLAGLYLLLGILIILLLILI.pdb
Sequence Info: 44.4632	-316.03	-360.493	-27.6218	-31.5902	3.96833	-57.4675	-61.5039	4.03648	-267.399	-230.941	36.4584	359.511	-0.982703	4569.22	3854.69	714.529	2.98289e-05	1	LLLAGLYLLLGILIILLLILI	LLLAGLYLLLGILIGLLLILI	L--AG-YL--GI-IG--L--I	9.2	25	40	4	0	0	0	4	2	21	/data02/gloiseau/Sequence_Design_Project/vdwSequenceDesign/sequenceDesign/12_06_2021/design_1/LLLAGLYLLLGILIGLLLILI/LLLAGLYLLLGILIGLLLILI.pdb
Sequence Info: 43.4686	-319.609	-363.077	-32.2006	-34.1829	1.98228	-57.4675	-61.5015	4.03406	-267.393	-229.941	37.4523	362.507	-0.570289	4604.01	3790.2	813.806	2.60079e-05	2	LLLAGLYLLLGILIILLLILI	LLLAGLYLLLGILLGLLLILI	L--AG-YL--GI-LG--L--I	9.2	25	40	4	0	0	0	4	2	21	/data02/gloiseau/Sequence_Design_Project/vdwSequenceDesign/sequenceDesign/12_06_2021/design_1/LLLAGLYLLLGILLGLLLILI/LLLAGLYLLLGILLGLLLILI.pdb
Sequence Info: 46.9297	-311.854	-358.783	-18.4764	-23.6394	5.163	-57.4675	-61.5615	4.09403	-273.582	-235.91	37.6727	357.603	-1.18081	4707.18	3782.34	924.841	8.99566e-05	3	LLLAGLYLLLGILIILLLILI	LLLAGLYLLLGILLFLLLILI	L--AG-YL--GI-LF--L--I	9.2	25	40	4	0	0	0	4	2	21	/data02/gloiseau/Sequence_Design_Project/vdwSequenceDesign/sequenceDesign/12_06_2021/design_1/LLLAGLYLLLGILLFLLLILI/LLLAGLYLLLGILLFLLLILI.pdb
Sequence Info: 55.8592	-322.807	-378.667	-20.127	-19.7029	-0.424155	-72.7377	-90.5872	17.8495	-268.377	-229.943	38.4338	370.863	-7.80379	4482.25	3774.64	707.608	0.000505368	4	LLLAGLYLLLGILIILLLILI	LLLAVLGFLLATLISLLLILI	L--AV-GF--AT-IS--L--I	9.2	25	40	4	0	0	0	4	2	21	/data02/gloiseau/Sequence_Design_Project/vdwSequenceDesign/sequenceDesign/12_06_2021/design_1/LLLAVLGFLLATLISLLLILI/LLLAVLGFLLATLISLLLILI.pdb
Sequence Info: 55.2608	-307.062	-362.323	-14.4703	-14.9702	0.49992	-57.4675	-75.2197	17.7522	-272.133	-235.124	37.0087	355.958	-6.36498	4701.33	3758.74	942.586	4.90672e-05	5	LLLAGLYLLLGILIILLLILI	LLLATLYLLLGGLLFLLLILI	L--AT-YL--GG-LF--L--I	9.2	25	40	4	0	0	0	4	2	21	/data02/gloiseau/Sequence_Design_Project/vdwSequenceDesign/sequenceDesign/12_06_2021/design_1/LLLATLYLLLGGLLFLLLILI/LLLATLYLLLGGLLFLLLILI.pdb
Sequence Info: 53.3395	-319.396	-372.736	-25.7143	-22.3692	-3.34513	-57.4675	-75.1953	17.7278	-275.171	-236.214	38.9568	368.138	-4.5976	4701.98	3765.68	936.301	2.80384e-05	6	LLLAGLYLLLGILIILLLILI	LLLATLWLLLGGLLFLLLILI	L--AT-WL--GG-LF--L--I	9.2	25	40	4	0	0	0	4	2	21	/data02/gloiseau/Sequence_Design_Project/vdwSequenceDesign/sequenceDesign/12_06_2021/design_1/LLLATLWLLLGGLLFLLLILI/LLLATLWLLLGGLLFLLLILI.pdb
Sequence Info: 47.0832	-329.156	-376.239	-21.0509	-25.1098	4.0589	-72.7294	-76.7269	3.99746	-274.402	-235.375	39.0268	377.62	1.38157	4705.42	3783.22	922.202	3.10122e-05	7	LLLAGLYLLLGILIILLLILI	LLLASLWLLLGGLLFLLLILI	L--AS-WL--GG-LF--L--I	9.2	25	40	4	0	0	0	4	2	21	/data02/gloiseau/Sequence_Design_Project/vdwSequenceDesign/sequenceDesign/12_06_2021/design_1/LLLASLWLLLGGLLFLLLILI/LLLASLWLLLGGLLFLLLILI.pdb
Sequence Info: 40.0664	-351.139	-391.206	-39.5866	-40.3994	0.812841	-72.7153	-75.3249	2.60961	-275.482	-238.838	36.644	396.59	5.38432	4597.87	3794.73	803.139	0.000142035	8	LLLAGLYLLLGILIILLLILI	LLLSALWLLLGILVTLLLILI	L--SA-WL--GI-VT--L--I	9.2	25	40	4	0	0	0	4	2	21	/data02/gloiseau/Sequence_Design_Project/vdwSequenceDesign/sequenceDesign/12_06_2021/design_1/LLLSALWLLLGILVTLLLILI/LLLSALWLLLGILVTLLLILI.pdb
Sequence Info: 46.5413	-319.065	-365.607	-32.75	-37.3568	4.60685	-57.4675	-61.463	3.99559	-266.787	-228.848	37.9388	365.792	0.185316	4521.33	3757.46	763.867	0.00016885	9	LLLAGLYLLLGILIILLLILI	LLLAILFGLLAALLILLLILI	L--AI-FG--AA-LI--L--I	9.2	25	40	4	0	0	0	4	2	21	/data02/gloiseau/Sequence_Design_Project/vdwSequenceDesign/sequenceDesign/12_06_2021/design_1/LLLAILFGLLAALLILLLILI/LLLAILFGLLAALLILLLILI.pdb
Sequence Info: 46.2881	-341.924	-388.212	-44.4789	-46.9373	2.45843	-57.4675	-61.5296	4.06213	-279.745	-239.978	39.7676	384.945	-3.26671	4675.18	3705.39	969.794	7.19362e-05	10	LLLAGLYLLLGILIILLLILI	LLLWVLIGLLAILLILLLILI	L--WV-IG--AI-LI--L--I	9.2	25	40	4	0	0	0	4	2	21	/data02/gloiseau/Sequence_Design_Project/vdwSequenceDesign/sequenceDesign/12_06_2021/design_1/LLLWVLIGLLAILLILLLILI/LLLWVLIGLLAILLILLLILI.pdb
