P60602,RASLLLGFLLGCLLGMLLGALILI
A8MWY0,RASLLLWLLLGALLGALLAVLILI
P55289,RASLLLFLLLGLLLGALLAILILI
P02724,RASLLLLILLGVLLGVLLTILILI
Q9H3T3,RASLLLAVLLGFLLGWLLGLLILI
Q9NY15,RASLLLVLLLGALLGLLLGALILI
Q9NP84,RASLLLALLLTFLLGLLLGFLILI
A6NKW6,RASLLLSLLLGALLGLLLAALILI
Q9UNU6,RASLLLMVLLGALLGALLVVLILI
P10314,RASLLLVLLLAMLLGALLAALILI
O60313,RASLLLYLLLGSLLGGLLTALILI
P17301,RASLLLLVLLGVLLGSLLAGLILI
A6NL88,RASLLLSFLLAVLLGALLAFLILI
Q9UNN8,RASLLLFILLGVLLGILLCTLILI
Q96PJ5,RASLLLLVLLGALLGLLLALLILI
Q3V5L5,RASLLLLCLLMTLLGGLLSALILI
P16189,RASLLLVLLLAVLLGALLAALILI
P20333,RASLLLTGLLALLLGLLLGVLILI
O95210,RASLLLLLLLGGLLGALLVWLILI
Q02505,RASLLLLLLLALLLGLLLGALILI
P10314,RASLLLIILLLVLLGALLFALILI
Q96I36,RASLLLMMLLTVLLGYLLSCLILI
P16189,RASLLLIILLLVLLGALLAGLILI
P20333,RASLLLTALLLLLLGVLLCVLILI
Q07820,RASLLLAFLLVALLGALLAYLILI
P17342,RASLLLLLLLSALLGILLGALILI
P60602-I,RASLLLGFLLGCLLIMLLGALILI
A8MWY0-I,RASLLLWLLLGALLIALLAVLILI
P55289-I,RASLLLFLLLGLLLIALLAILILI
P02724-I,RASLLLLILLGVLLIVLLTILILI
Q9H3T3-I,RASLLLAVLLGFLLIWLLGLLILI
Q9NY15-I,RASLLLVLLLGALLILLLGALILI
Q9NP84-I,RASLLLALLLTFLLILLLGFLILI
A6NKW6-I,RASLLLSLLLGALLILLLAALILI
Q9UNU6-I,RASLLLMVLLGALLIALLVVLILI
P10314-I,RASLLLVLLLAMLLIALLAALILI
O60313-I,RASLLLYLLLGSLLIGLLTALILI
P17301-I,RASLLLLVLLGVLLISLLAGLILI
A6NL88-I,RASLLLSFLLAVLLIALLAFLILI
Q9UNN8-I,RASLLLFILLGVLLIILLCTLILI
Q96PJ5-I,RASLLLLVLLGALLILLLALLILI
Q3V5L5-I,RASLLLLCLLMTLLIGLLSALILI
P16189-I,RASLLLVLLLAVLLIALLAALILI
P20333-I,RASLLLTGLLALLLILLLGVLILI
O95210-I,RASLLLLLLLGGLLIALLVWLILI
Q02505-I,RASLLLLLLLALLLILLLGALILI
P10314-I,RASLLLIILLLVLLIALLFALILI
Q96I36-I,RASLLLMMLLTVLLIYLLSCLILI
P16189-I,RASLLLIILLLVLLIALLAGLILI
P20333-I,RASLLLTALLLLLLIVLLCVLILI
Q07820-I,RASLLLAFLLVALLIALLAYLILI
P17342-I,RASLLLLLLLSALLIILLGALILI