LLLLLLTYLLGTLITVLLILI,/data02/gloiseau/Sequence_Design_Project/Design_Data/12_06_2021_CHIP1_Dataset/design_414/LLLLLLTFLLGTLITVLLILI/backboneOptimization/mutants/LLLLLLTYLLGTLITVLLILI.pdb
LLLLLLTFLLGYLITVLLILI,/data02/gloiseau/Sequence_Design_Project/Design_Data/12_06_2021_CHIP1_Dataset/design_414/LLLLLLTFLLGTLITVLLILI/backboneOptimization/mutants/LLLLLLTFLLGYLITVLLILI.pdb
LLLLLFTILLGTLITVLLILI,/data02/gloiseau/Sequence_Design_Project/Design_Data/12_06_2021_CHIP1_Dataset/design_1052/LLLLLFTILLGVLITVLLILI/backboneOptimization/mutants/LLLLLFTILLGTLITVLLILI.pdb
LLLLLLTFLLGILITVLLILI,/data02/gloiseau/Sequence_Design_Project/Design_Data/12_06_2021_CHIP1_Dataset/design_414/LLLLLLTFLLGTLITVLLILI/backboneOptimization/mutants/LLLLLLTFLLGILITVLLILI.pdb
LLLLLLTALLGTLITVLLILI,/data02/gloiseau/Sequence_Design_Project/Design_Data/12_06_2021_CHIP1_Dataset/design_414/LLLLLLTFLLGTLITVLLILI/backboneOptimization/mutants/LLLLLLTALLGTLITVLLILI.pdb
LLLLLLTFLLGTLITVLLILI,/data02/gloiseau/Sequence_Design_Project/Design_Data/12_06_2021_CHIP1_Dataset/design_414/LLLLLLTFLLGTLITVLLILI/backboneOptimization/mutants/LLLLLLTFLLGTLITVLLILI.pdb
LLLLLFYILLGVLITVLLILI,/data02/gloiseau/Sequence_Design_Project/Design_Data/12_06_2021_CHIP1_Dataset/design_1052/LLLLLFTILLGVLITVLLILI/backboneOptimization/mutants/LLLLLFYILLGVLITVLLILI.pdb
LLLLLFTILLGSLITVLLILI,/data02/gloiseau/Sequence_Design_Project/Design_Data/12_06_2021_CHIP1_Dataset/design_1052/LLLLLFTILLGVLITVLLILI/backboneOptimization/mutants/LLLLLFTILLGSLITVLLILI.pdb
LLLLLFTILLGALITVLLILI,/data02/gloiseau/Sequence_Design_Project/Design_Data/12_06_2021_CHIP1_Dataset/design_1052/LLLLLFTILLGVLITVLLILI/backboneOptimization/mutants/LLLLLFTILLGALITVLLILI.pdb
LLLLLFTILLGVLITVLLILI,/data02/gloiseau/Sequence_Design_Project/Design_Data/12_06_2021_CHIP1_Dataset/design_1052/LLLLLFTILLGVLITVLLILI/backboneOptimization/mutants/LLLLLFTILLGVLITVLLILI.pdb
LLLLLLTFLLSTLITVLLILI,/data02/gloiseau/Sequence_Design_Project/Design_Data/12_06_2021_CHIP1_Dataset/design_414/LLLLLLTFLLGTLITVLLILI/backboneOptimization/mutants/LLLLLLTFLLSTLITVLLILI.pdb
LLLLLFLILLGVLITVLLILI,/data02/gloiseau/Sequence_Design_Project/Design_Data/12_06_2021_CHIP1_Dataset/design_1052/LLLLLFTILLGVLITVLLILI/backboneOptimization/mutants/LLLLLFLILLGVLITVLLILI.pdb
